OverallQual,GrLivArea,GarageArea,YearBuilt,FullBath,LotArea,LotFrontage,Fireplaces,SalePrice
5,1314,294,1957,1,8400,70.0,0,145000
6,1571,380,1993,2,7837,59.0,1,178000
5,796,0,1910,1,8777,67.0,0,85000
5,1768,240,1937,1,7200,60.0,2,175000
5,1691,308,1924,2,5000,50.0,1,127000
5,894,552,1972,1,9800,70.0,0,149900
6,1560,400,2005,2,11911,122.0,1,174000
4,1154,240,1922,1,5436,40.0,0,125500
6,1422,576,1981,2,12090,78.0,1,175500
8,1496,474,2007,2,9158,76.0,0,225000
6,913,240,1966,1,8400,70.0,0,129000
5,1086,484,1966,1,13400,85.0,1,159950
7,1601,478,1978,2,11880,82.0,1,157000
7,1986,486,1965,2,13600,85.0,3,205000
7,1164,528,1969,1,9600,80.0,0,140000
6,2267,390,2002,2,8068,70.0,1,200000
6,2259,450,1953,2,21000,70.0,2,217000
5,825,720,1955,1,8235,49.0,0,125000
6,1426,440,1977,1,7950,75.0,0,159500
6,1651,616,1986,2,12416,47.0,1,184000
5,789,200,1926,1,10594,55.0,0,96500
5,2634,968,1969,2,11643,91.0,0,200000
5,1576,225,1928,1,6240,52.0,1,149000
6,1484,393,2005,2,10237,65.0,1,178900
7,1200,555,2003,2,10083,67.0,0,184900
7,1250,528,2006,2,4251,35.0,0,164700
7,1902,567,1959,2,17500,100.0,2,335000
3,1040,400,1949,2,8544,70.0,0,87500
7,1502,644,2009,2,9541,79.0,0,233170
5,1228,271,1966,1,8544,70.0,0,149350
5,1268,288,1949,1,12144,60.0,1,133000
5,864,0,1925,1,5604,67.0,0,98000
6,1686,612,1980,2,10240,79.0,1,207500
4,1620,490,1976,2,9991,70.0,1,150000
5,858,576,1982,1,7252,70.0,0,134900
7,1301,572,2006,2,7200,60.0,1,187750
6,1505,505,1953,1,12160,128.0,1,149500
4,864,280,1970,1,9353,71.0,0,116050
5,1224,528,1979,0,7018,64.0,2,153337
5,1383,354,1954,1,13284,70.0,1,165000
5,816,264,1982,1,6600,60.0,1,130500
7,1344,784,1997,2,7060,78.0,0,206300
7,1392,540,2007,2,3604,34.0,0,146000
5,1065,461,1960,1,8892,80.0,0,126500
5,1250,552,1910,2,5362,53.0,1,139000
4,1452,0,1920,2,4456,33.0,0,113000
6,1096,0,1924,1,9600,60.0,0,79000
7,1428,480,2007,2,11639,95.0,0,182000
6,1658,431,1995,2,8000,70.0,1,188000
5,864,720,1950,1,7200,60.0,0,129000
5,1928,0,1916,2,7082,70.0,0,160000
6,1537,462,1962,1,8400,80.0,1,174000
7,1863,660,2006,2,14054,58.0,1,219210
10,2007,812,2008,2,11003,85.0,1,310000
9,1792,874,2003,2,11846,72.0,1,374000
5,968,480,1923,1,8520,60.0,0,100000
6,2654,619,1968,2,11029,70.0,1,250000
4,960,364,1965,0,10246,70.0,0,145000
10,2775,880,1893,3,13500,75.0,1,325000
9,2643,694,2006,2,13693,105.0,1,380000
8,1646,482,2004,2,3842,44.0,1,275000
6,1298,403,1985,2,11200,70.0,1,180000
8,1694,776,2008,2,10475,64.0,0,245350
6,958,301,1960,1,12772,70.0,0,151500
5,999,300,1962,1,10205,69.0,0,134500
5,1020,0,1875,1,6342,54.0,0,94000
7,1674,663,2000,2,7500,70.0,0,216000
8,2113,839,1995,2,10437,91.0,1,350000
6,2030,551,1976,2,12046,70.0,1,195000
6,1217,288,1980,1,10762,75.0,1,120000
8,2169,647,2002,2,9375,70.0,1,228500
5,1144,336,1963,1,9204,71.0,0,124000
7,1504,437,2005,2,3182,43.0,1,191000
6,1309,484,1974,1,10140,78.0,1,181000
6,1258,280,1939,1,9060,60.0,0,105000
5,1422,286,1960,1,12342,70.0,1,139900
6,1442,301,1958,1,9750,75.0,0,157900
5,1200,240,1946,1,11767,70.0,0,130500
6,1664,460,2000,2,8121,70.0,1,172400
5,1360,572,1955,1,7134,60.0,1,130000
8,1414,403,2004,2,9056,74.0,1,178000
6,1342,457,1967,2,9790,70.0,1,161500
5,1118,410,1939,1,7800,65.0,1,119900
6,2345,360,1932,2,16560,80.0,1,239000
6,1844,546,1977,2,11751,105.0,1,190000
6,987,264,1971,1,1680,21.0,0,85400
6,1610,480,1977,2,10603,70.0,2,205000
6,1080,484,1983,1,9187,71.0,0,134000
6,1511,413,1997,2,11207,70.0,1,185000
5,1152,484,1964,1,14112,70.0,1,180500
5,1558,282,1950,1,13710,75.0,0,152000
8,1911,471,1993,2,9554,80.0,1,215000
5,1306,756,1957,1,8712,64.0,0,153000
5,2138,360,1898,2,8100,90.0,0,106000
8,2466,610,2004,3,11143,102.0,1,340000
6,1734,440,1962,1,9786,77.0,1,159000
6,1158,208,1929,1,6000,50.0,1,120000
5,1771,336,1960,1,21750,100.0,1,115000
6,958,440,1976,2,4928,70.0,1,128000
9,1828,774,2007,2,11694,90.0,1,314813
5,1716,281,1949,1,11409,60.0,1,131000
9,2713,858,2008,2,14948,67.0,1,446261
6,1367,560,1931,1,6240,52.0,1,127500
7,1826,164,1915,1,2500,50.0,1,155000
6,1200,521,1995,2,11249,105.0,0,177500
5,1382,660,1941,1,12358,70.0,0,128500
6,1456,400,2005,2,8029,51.0,0,176000
5,1964,0,1911,1,8525,55.0,0,130000
6,1092,504,1964,1,8250,75.0,0,145000
5,1113,264,1950,1,9600,80.0,1,147000
4,864,0,1971,1,10500,70.0,1,115000
7,1804,442,1999,2,7500,60.0,1,189000
6,2614,624,1974,2,10800,90.0,1,240000
7,1314,626,2007,2,5001,34.0,1,230000
7,1923,564,1992,2,10186,107.0,1,190000
7,1484,606,2004,2,8400,70.0,0,213000
4,708,0,1940,1,5330,50.0,0,82500
8,1713,856,2004,2,9591,76.0,1,274900
5,1269,308,1960,1,7931,70.0,1,155000
8,2097,1134,2005,1,20896,49.0,1,423000
5,864,288,1972,1,9560,120.0,0,128500
9,2184,836,2008,2,11308,96.0,1,335000
8,1624,757,1994,2,12461,89.0,1,262000
5,1040,384,1965,1,11200,70.0,0,129500
7,2035,434,2001,2,9505,70.0,1,222500
8,1494,481,1995,1,9549,30.0,1,270000
7,1314,626,2007,2,5063,34.0,1,207500
6,1743,539,1968,1,11700,90.0,1,175000
7,2127,833,1991,2,13125,103.0,1,238000
5,1716,0,1912,2,5687,55.0,0,135900
7,1358,484,2009,2,6371,44.0,1,224000
7,1430,400,2000,2,9967,76.0,1,170000
7,1221,400,2004,2,7500,62.0,0,185000
7,2094,615,2003,2,9375,75.0,1,263000
5,864,360,1965,1,8281,60.0,1,62383
5,1053,750,1958,1,8973,69.0,0,150000
5,1701,611,1975,2,16647,70.0,2,171000
5,1056,308,1958,1,8176,70.0,0,139000
3,1163,220,1955,1,5820,49.0,0,126175
7,1665,562,2007,2,8125,65.0,0,205950
6,1196,528,1920,1,12354,67.0,0,110000
9,3140,820,2008,3,13518,104.0,2,485000
7,1682,530,1970,2,10400,80.0,1,174000
5,1072,525,2005,1,3675,35.0,0,145000
7,1547,614,2009,2,8640,72.0,0,215200
9,1905,788,2006,2,11670,84.0,1,320000
7,1661,550,1996,2,10667,43.0,1,212000
6,1350,520,1964,1,9020,82.0,0,168500
6,1845,462,1992,2,11218,70.0,1,189000
5,1601,300,1958,1,13825,85.0,0,140000
6,1498,409,1995,2,13031,70.0,1,187500
7,1947,678,2004,2,12552,100.0,1,254900
5,1098,260,1955,1,7390,70.0,0,135000
6,1054,460,1969,1,9750,65.0,0,151000
5,928,288,1957,1,6000,50.0,0,112500
7,1820,240,1925,2,9120,60.0,0,184000
7,3082,672,1920,2,15863,102.0,2,197000
4,1788,304,1957,1,11250,70.0,2,161500
5,1022,280,1910,1,7200,60.0,0,85000
7,1274,508,2005,2,8814,68.0,0,203000
9,2504,656,2005,2,11198,77.0,1,325000
9,2153,736,2000,2,11050,70.0,2,313000
8,2031,577,2002,2,9473,75.0,1,237000
6,1824,520,1919,1,13515,60.0,1,180500
5,1008,275,1954,1,11425,70.0,1,137000
5,694,352,1913,1,4280,40.0,1,90350
6,1728,574,1976,2,12640,55.0,0,150900
7,1588,472,1999,2,10264,78.0,0,214000
5,1392,528,1957,1,11341,70.0,1,121500
7,1969,534,1977,2,11952,92.0,1,190000
7,1504,457,2005,2,3182,43.0,1,181000
5,1276,350,1958,1,9571,68.0,0,60000
9,1800,702,2007,2,11923,122.0,0,239000
6,816,0,1990,1,11841,81.0,0,118500
5,1040,625,1950,1,7200,60.0,0,109500
5,924,280,1975,1,7990,88.0,0,110000
6,832,528,1954,1,7227,59.0,0,105500
7,1886,431,1998,2,11214,70.0,1,199900
7,2196,701,1990,2,14684,90.0,1,271900
5,1039,504,1965,1,11625,75.0,0,131500
5,1271,312,1948,2,21286,115.0,1,135000
5,1367,384,1900,1,8405,50.0,0,119000
7,2093,542,1986,2,20544,46.0,1,215000
5,864,338,1972,1,15523,36.0,1,133500
6,2447,336,1919,2,9638,50.0,1,169000
6,1054,480,1963,1,8800,80.0,0,137500
5,1120,0,2007,1,8402,70.0,0,147000
7,1616,834,2005,2,8688,73.0,0,232000
5,1073,515,1965,1,10289,79.0,0,156000
5,1389,418,1974,1,10010,77.0,1,170000
4,861,539,1940,1,12342,70.0,0,82500
7,1135,576,1936,1,7200,60.0,0,155000
8,2828,1052,2006,3,9965,77.0,1,424870
8,1616,608,1995,2,5389,39.0,1,236500
5,1437,528,1976,2,10768,90.0,1,218000
7,1630,451,2000,2,9750,75.0,1,213000
8,1800,765,2002,2,14331,85.0,1,312500
6,1855,512,1976,2,9600,80.0,1,187000
7,2084,618,2004,2,10142,76.0,0,233000
5,1111,200,1941,1,9084,60.0,0,95000
3,729,0,1935,1,4130,56.0,0,52000
6,1586,435,1979,2,17043,48.0,1,181000
9,2234,1166,2008,2,17423,63.0,1,501837
4,858,0,1971,1,8125,70.0,0,88000
5,833,0,1985,1,8780,70.0,0,112000
5,1283,506,1962,1,7763,70.0,0,140000
6,1644,418,1953,1,9600,80.0,2,167000
6,1383,292,1960,1,11600,80.0,0,145250
6,2073,500,1978,2,13175,85.0,2,210000
5,1539,686,1904,2,10440,60.0,1,157500
7,1552,782,2005,2,10084,84.0,0,212900
5,925,429,1965,1,9100,70.0,0,117500
7,1414,494,2004,2,8773,65.0,0,185500
3,1526,0,1915,1,8470,105.0,0,85000
5,1712,588,1959,2,8393,70.0,0,145000
8,1717,908,2006,2,11146,87.0,1,255500
5,1750,240,1880,1,9000,50.0,0,124000
6,1176,624,1937,1,6000,50.0,0,134900
8,1936,504,2000,2,11194,106.0,1,230500
4,858,684,1971,1,7340,70.0,0,110000
8,1919,685,2006,2,15611,120.0,1,233230
7,1762,576,1920,1,7200,60.0,0,157000
5,1728,576,1965,2,13101,74.0,0,142600
7,1626,474,2003,2,2448,36.0,0,154000
7,1496,426,2006,2,17104,58.0,1,179665
6,790,160,1930,1,6292,52.0,0,91000
7,1935,550,1976,2,12384,70.0,1,197900
7,1964,483,1976,2,10480,80.0,1,205000
8,1666,228,1925,1,5100,70.0,1,161000
5,985,328,1977,2,8385,65.0,0,149900
7,1358,484,2004,2,8198,59.0,1,207000
6,848,420,2004,1,4426,70.0,0,143000
8,1970,753,2006,2,11065,86.0,1,281000
8,2046,834,2008,2,11844,80.0,1,372500
7,1865,839,2000,2,10316,70.0,1,235000
6,2134,441,1916,2,11888,70.0,0,214500
7,2646,656,1993,2,9900,90.0,1,260000
6,1236,923,1957,1,7407,90.0,0,149700
5,902,484,1983,1,8885,70.0,0,131000
5,912,352,1962,1,12968,70.0,0,144000
6,1382,884,1962,1,19296,120.0,1,176000
5,2020,630,1977,2,8400,60.0,2,144000
6,1052,440,1971,1,8816,80.0,0,155000
8,2531,752,1995,2,12257,65.0,1,290000
8,1852,660,1999,2,9066,73.0,2,230000
8,1660,500,2006,2,10182,85.0,1,290000
9,1709,506,1999,2,5119,50.0,1,328900
6,912,288,1961,1,6768,65.0,0,142000
6,1764,470,1997,2,15426,65.0,0,231500
6,1395,497,1972,1,12936,70.0,1,162000
5,1040,308,1963,1,7500,75.0,0,133000
10,2392,968,2003,2,13472,103.0,1,386250
6,1103,440,1925,1,6000,50.0,1,110500
8,2078,836,2007,2,10800,85.0,1,339750
5,803,360,1941,1,5000,50.0,0,87000
6,1152,300,1950,1,14000,80.0,1,158500
7,1173,528,1974,2,10625,85.0,2,170000
4,1092,0,1930,2,5600,70.0,0,55000
5,1784,180,1914,1,13132,96.0,0,138887
7,1920,487,1968,3,10192,102.0,1,170000
7,1670,690,2006,2,14859,50.0,1,240000
7,1223,480,2005,2,2544,24.0,0,147400
7,1801,484,1959,2,15602,100.0,2,289000
5,1656,506,1973,2,9246,87.0,0,135000
7,1717,642,1915,1,9550,60.0,1,140000
9,2599,779,1999,2,14774,108.0,1,333168
5,1644,312,1942,1,9480,79.0,2,146500
8,2468,872,2004,2,12099,99.0,1,354000
5,1362,480,1993,1,14115,85.0,0,143000
8,1484,472,2006,2,9037,64.0,1,265900
5,1200,884,1965,1,9230,71.0,0,146000
6,1350,478,1974,2,10140,78.0,1,165000
4,1152,0,1955,2,6040,65.0,0,82000
7,1680,583,1998,2,10140,78.0,1,213250
5,1440,352,1900,1,5000,63.0,0,79000
5,1214,318,1967,2,10355,70.0,1,143000
6,1479,475,1976,2,13517,70.0,0,130500
8,1801,800,2005,2,10463,72.0,1,239900
6,1494,213,1942,1,7500,70.0,2,177500
7,2329,514,1990,2,11839,86.0,1,262280
8,1588,825,2006,2,10000,85.0,1,227000
6,1194,539,1959,1,8910,79.0,1,159500
6,1494,576,1997,2,9236,79.0,0,217000
8,3238,666,1995,2,14720,56.0,1,410000
5,914,576,1996,1,8846,57.0,0,148000
7,1641,546,1925,1,9600,60.0,1,178000
5,1573,360,1930,2,6240,52.0,1,162900
7,1472,588,1980,2,14115,70.0,2,187500
6,1750,423,1940,2,12508,75.0,0,160000
8,1768,578,2007,2,10769,68.0,0,212000
6,1196,297,1956,1,9000,72.0,1,139000
4,1126,520,1949,2,8777,67.0,0,108000
4,845,290,1957,1,11500,70.0,0,84000
5,1968,530,1969,2,11075,70.0,1,172000
5,1221,392,1924,1,9738,60.0,0,104900
6,1368,216,1910,1,3600,60.0,0,114504
6,987,280,1970,1,1869,21.0,0,106000
7,1442,719,1990,2,10357,114.0,1,179900
4,1220,396,1951,1,8877,67.0,0,102000
7,1500,570,2004,2,8487,63.0,0,190000
8,2450,1069,1998,2,16545,70.0,1,340000
7,2207,576,1970,2,19900,70.0,1,180000
7,1208,632,2006,2,6762,64.0,0,206000
5,1795,352,1954,2,12150,81.0,0,131500
4,1440,0,1977,2,7711,42.0,0,150000
6,1212,460,2009,2,10420,83.0,0,186000
7,1111,288,1926,1,5700,70.0,1,116900
8,2715,831,1976,3,8963,70.0,2,299800
7,1724,527,1998,2,8924,57.0,0,188000
6,1328,528,1963,1,9790,70.0,2,143000
5,1052,288,1968,1,8400,70.0,0,138500
8,2417,462,1991,2,16059,121.0,1,260000
4,948,280,1954,1,8190,60.0,1,119000
7,2019,532,1910,1,11414,60.0,0,167500
4,869,0,1923,1,5900,51.0,0,85500
8,1554,627,2006,2,4590,34.0,1,209500
6,2112,576,1969,2,11075,85.0,2,206900
6,1593,398,2004,2,7415,62.0,1,193000
6,1381,676,1972,1,9360,78.0,1,197500
6,1632,338,1958,2,9600,80.0,1,139000
5,954,240,1938,1,6305,50.0,1,119750
7,1922,672,2003,3,7301,64.0,1,198500
5,980,484,1977,1,7064,71.0,0,135000
7,1786,608,2001,2,11250,68.0,1,223500
8,1694,636,2004,2,10084,75.0,1,307000
6,972,240,1948,1,8000,50.0,1,132000
5,1437,576,1956,1,14175,70.0,1,168000
8,2263,905,2001,2,9240,70.0,1,287000
7,1725,550,1979,2,11584,80.0,1,197000
5,1236,447,1957,1,10011,72.0,1,134450
5,1040,286,1959,1,7560,70.0,0,133700
8,1704,772,2007,2,11478,98.0,1,306000
6,1523,478,1976,2,11361,104.0,1,180000
8,1489,776,2006,2,11216,81.0,1,232600
7,1569,660,2007,2,3635,51.0,1,175900
7,1212,573,2001,2,9100,70.0,0,178000
7,1573,544,2002,2,9808,67.0,0,227000
6,1790,484,1972,1,10400,80.0,1,165150
6,1728,673,2003,2,8791,64.0,0,207500
8,1600,890,2007,2,14230,110.0,1,256300
9,1922,676,2005,2,14157,86.0,1,377426
7,1692,650,2009,2,13159,83.0,0,224500
8,1656,826,2006,2,11096,84.0,0,249700
4,1047,273,1885,1,10800,60.0,0,100000
9,2728,706,2005,2,20431,56.0,2,437154
6,1425,576,1964,2,10175,100.0,1,180500
6,952,192,1916,1,8854,70.0,1,121000
5,990,576,1995,1,13568,43.0,0,156000
6,988,540,1969,1,21453,70.0,2,180000
4,1056,384,1966,1,8900,70.0,0,107000
9,1746,758,2006,2,14892,42.0,2,377500
7,1718,427,1998,2,10141,74.0,1,185000
5,1464,480,1963,2,12886,70.0,1,175000
7,1660,493,2002,2,8935,68.0,0,195000
9,1752,576,2005,2,7658,61.0,1,319900
5,2620,600,1977,2,18890,70.0,1,190000
5,784,0,1924,1,6130,50.0,0,109500
4,1120,544,1961,1,6970,85.0,0,129000
4,1382,459,1963,1,11235,75.0,1,148000
6,1386,440,1978,2,11616,70.0,1,158900
1,334,0,1946,1,5000,50.0,0,39300
7,1200,480,2004,2,3182,30.0,0,151000
7,1414,398,2004,2,3072,70.0,1,178740
5,1584,792,1967,2,8944,65.0,0,124000
8,1517,400,1929,1,11435,70.0,2,230000
6,1258,528,1971,2,11040,80.0,0,145000
5,902,288,1967,1,6173,70.0,0,125500
6,1158,576,2004,1,13072,63.0,0,158000
5,964,432,1921,1,13360,80.0,0,163500
6,2380,596,1965,2,18450,70.0,1,129000
7,1232,632,2007,2,7314,64.0,0,194500
5,864,352,1972,1,7180,60.0,0,127000
7,1982,575,1989,2,11287,82.0,1,228500
8,1924,592,1998,2,12011,78.0,1,280000
7,2080,282,1926,1,10918,53.0,2,234000
6,1647,460,1999,2,7917,62.0,1,175000
6,1617,533,1993,2,8012,50.0,1,193000
5,1340,252,1957,1,9060,60.0,1,120000
9,1940,606,2009,2,10159,83.0,1,395192
6,1855,325,1954,2,9525,75.0,0,136900
5,884,504,1983,1,9180,70.0,0,144000
7,1626,474,2003,2,2628,36.0,0,175500
5,1284,240,1947,1,3500,50.0,0,110000
8,2290,779,2002,2,11250,70.0,1,255900
5,816,516,1963,1,8472,110.0,0,110000
7,2183,786,1988,2,13837,70.0,0,229000
5,1869,456,1890,1,8820,98.0,0,124900
7,1646,240,1941,2,7128,53.0,2,164000
8,1844,620,2005,2,10994,88.0,1,257000
8,1571,722,2007,2,10991,89.0,1,239000
7,2082,484,2003,2,11426,63.0,0,200000
7,1959,766,1988,3,11070,82.0,0,171000
8,2374,656,2003,2,11999,93.0,1,285000
6,2142,509,1968,2,13000,100.0,1,193500
7,1200,480,2005,2,3180,30.0,0,144152
8,1992,648,2003,2,9375,75.0,1,250000
8,2285,648,2000,2,11000,70.0,1,248000
9,1850,772,2004,2,16033,98.0,1,326000
5,1355,0,1940,2,10106,62.0,0,127500
7,1668,500,2003,2,11317,72.0,0,180000
6,1406,0,1920,1,7920,70.0,0,89500
8,1228,472,1988,2,4671,40.0,1,189000
6,1638,472,1998,2,9042,59.0,2,192000
4,960,432,1965,1,10921,73.0,0,94750
9,1698,768,2007,2,13286,86.0,1,320000
5,1063,280,1954,1,9920,80.0,0,128000
5,1236,288,1961,1,6993,65.0,1,135000
5,1535,410,1979,2,7018,64.0,0,118964
4,630,0,1972,1,1890,21.0,0,81000
4,1092,286,1970,1,2217,21.0,0,88000
9,1652,840,2006,2,13173,108.0,2,325000
5,1144,456,1961,1,7875,75.0,0,139950
8,1795,895,2006,2,9986,75.0,1,147000
7,1541,843,2001,2,13704,118.0,1,205000
5,1507,404,1960,2,7910,70.0,0,127000
8,1441,492,1999,2,2645,24.0,0,174000
7,1479,577,1999,2,9382,93.0,0,191000
6,987,264,1971,1,1680,21.0,0,89500
4,672,234,1941,1,9340,50.0,0,113000
5,2192,240,1939,2,8400,60.0,1,179500
8,2000,888,2004,2,10386,80.0,0,305900
5,1125,430,2006,1,8536,74.0,0,155000
5,1124,0,1954,1,8335,77.0,1,93000
6,1839,416,1957,2,14442,110.0,2,257500
7,2260,533,1996,2,14000,80.0,0,328000
6,1977,540,1964,1,9500,100.0,1,165000
4,845,360,1982,1,7599,69.0,0,129500
6,1786,684,1997,2,9337,69.0,0,204750
6,2555,672,1922,2,11526,79.0,1,191000
5,1700,447,1959,1,10552,70.0,1,165500
6,1671,472,2000,2,10852,58.0,1,173000
6,1376,198,1937,2,8600,50.0,1,119500
6,1689,480,1956,1,9855,73.0,1,127500
7,2554,704,1890,1,10800,60.0,0,159500
5,1416,720,1915,1,12665,100.0,1,153900
5,816,308,1957,1,7100,73.0,0,129900
7,1370,479,1976,2,10400,80.0,1,152000
6,1442,615,1970,2,11717,70.0,1,185000
5,1285,240,1948,1,8635,50.0,0,127000
7,1474,400,1995,2,8530,70.0,1,168500
7,2013,455,1996,2,9920,92.0,1,269790
8,1563,758,2007,2,10206,78.0,1,245000
4,1192,0,1949,1,10800,60.0,0,135000
4,1774,779,1900,2,9600,60.0,0,87000
7,1962,868,2006,2,8760,73.0,0,239799
7,1302,436,2007,2,8993,73.0,0,176485
6,1118,440,1920,1,4400,40.0,0,116000
9,1766,478,2009,2,9187,85.0,1,370878
7,1253,402,1995,2,7875,63.0,1,176000
6,1097,480,1984,2,9672,81.0,0,152000
5,1078,500,1971,1,12537,70.0,1,149900
6,1572,373,1995,2,10364,70.0,1,168000
7,1524,586,1979,0,23595,70.0,1,260000
7,2060,390,1999,2,8755,70.0,1,214000
6,1344,525,1958,1,14375,70.0,1,137500
7,1818,240,1931,1,7758,70.0,2,169500
4,1029,261,1961,1,7943,61.0,0,118500
6,2521,576,1973,2,3964,42.0,1,151400
6,1500,564,2005,2,8846,68.0,0,173900
8,2217,621,1970,2,15865,95.0,1,268000
8,1370,484,2006,2,6442,44.0,1,202500
6,1262,572,2006,2,7200,60.0,0,185000
7,1894,510,2002,2,11316,80.0,1,214900
8,1694,818,2007,2,12030,93.0,0,318000
4,864,576,1971,1,10500,70.0,0,97000
6,1709,380,2004,2,2522,24.0,0,130000
4,1738,368,1920,2,12513,70.0,1,104900
5,1319,270,1953,1,10634,79.0,0,123000
7,3222,594,1990,3,12376,90.0,2,320000
6,1355,0,1914,1,6882,60.0,0,127000
3,1306,0,1940,1,5350,55.0,0,76500
5,768,396,1972,1,8445,70.0,0,133000
5,1077,205,1939,1,7420,50.0,2,118000
3,1183,308,1948,1,6000,50.0,0,120000
7,1456,400,2007,2,9018,65.0,1,179540
7,2291,429,1999,2,8738,66.0,1,230000
6,848,420,2003,1,4435,70.0,0,140000
10,2332,846,2007,2,12474,96.0,1,426000
5,1348,216,1925,1,6000,50.0,1,117000
6,2108,540,1935,2,13728,120.0,2,235000
4,1336,570,1920,1,11040,60.0,0,108000
5,1344,484,1958,1,9503,70.0,1,144000
8,1935,552,2009,2,8004,75.0,0,263435
4,1470,548,1954,2,8172,60.0,0,135000
7,2156,508,1968,2,20781,70.0,1,262500
5,1728,504,1963,2,9100,70.0,0,125000
7,1768,603,2005,2,9803,75.0,0,226700
5,1048,286,1956,1,10152,72.0,0,135000
7,1728,572,2004,2,9313,65.0,0,190000
8,2358,0,1872,2,5250,50.0,0,122000
7,1146,438,2003,2,9590,73.0,1,187500
8,1601,670,2001,2,11423,70.0,1,272000
5,1920,451,1958,2,13650,70.0,1,172500
4,1363,528,1910,1,7740,60.0,0,125500
5,1148,308,1952,1,6420,57.0,0,123500
7,1294,662,2006,2,6762,64.0,1,193879
5,1248,160,1930,1,9439,52.0,0,87000
8,1419,527,2002,2,7750,70.0,1,184100
6,1440,467,1981,2,12546,70.0,1,182900
5,1140,0,2006,1,17217,90.0,0,84500
7,2090,484,1973,2,10382,70.0,2,200000
7,1640,595,2003,2,7226,72.0,0,183000
6,1679,575,1994,2,8125,65.0,1,193500
6,1218,440,1941,1,6000,60.0,1,131000
5,1142,528,1976,1,4224,44.0,1,134000
5,1110,602,1978,1,9101,70.0,1,165500
5,1164,240,1950,1,10880,68.0,0,125000
5,1192,189,1920,1,6402,60.0,0,78000
7,1422,626,2004,2,8500,63.0,0,179600
5,894,450,1967,1,9764,57.0,0,130000
8,1953,1043,2005,2,10574,85.0,1,252000
7,1792,564,2001,2,12435,80.0,1,231500
4,924,280,1941,1,12180,60.0,0,80000
6,752,264,1984,1,7175,50.0,0,125000
7,1740,240,1940,1,13125,75.0,2,219500
6,1593,389,1992,2,9636,70.0,1,178000
5,1385,720,1952,2,8520,71.0,0,166000
7,1266,453,2005,2,7500,62.0,1,176000
6,1334,630,1977,2,9650,80.0,1,167900
7,1252,462,1999,2,2160,24.0,0,160000
6,2526,216,1916,2,8520,60.0,1,136000
10,2402,672,2008,2,15431,105.0,2,555000
6,1362,502,1920,2,6155,60.0,0,128000
7,2520,721,1995,2,9950,82.0,1,290000
3,944,528,1952,1,10206,74.0,0,82000
5,912,336,1967,1,8521,70.0,1,125000
7,1553,615,2005,2,8125,65.0,0,186500
4,948,248,1954,1,10215,75.0,0,111000
7,1852,644,2009,2,8640,72.0,1,252678
5,1230,440,1910,1,10440,60.0,0,110000
7,1080,0,2004,1,7500,63.0,0,141000
5,1250,280,1918,1,8248,45.0,0,116000
6,1611,442,1964,1,9760,80.0,0,167900
7,1949,574,1993,2,9938,80.0,1,236000
6,1369,300,1925,2,6629,54.0,0,103600
7,1482,392,1992,2,9125,70.0,1,163900
5,1048,280,1922,1,6380,58.0,1,113000
7,1372,529,2007,2,8640,72.0,0,250580
8,1296,471,2001,2,6853,70.0,0,220000
5,990,299,1994,1,8775,65.0,0,126000
6,1489,240,1940,2,9900,60.0,1,139500
7,2172,947,2006,2,14154,109.0,1,280000
7,1266,388,2007,2,3182,43.0,1,159895
6,1218,676,2009,2,7862,75.0,0,208300
6,932,306,1950,1,8280,57.0,1,124000
6,1322,440,1974,2,2308,24.0,1,147000
6,1635,255,1910,1,5310,59.0,0,117000
6,1478,498,1960,2,17600,70.0,2,157500
5,1184,0,1910,1,8410,58.0,0,81000
7,1710,548,2003,2,8450,65.0,0,208500
6,912,470,1978,1,7540,70.0,1,156000
5,1394,400,2006,2,9735,73.0,0,167500
5,970,624,1963,1,8480,80.0,0,132500
6,1034,888,1976,1,12328,70.0,0,169900
7,1720,565,2004,2,11645,89.0,0,196500
5,1387,256,1954,2,6000,50.0,0,93000
6,1357,312,1959,1,11512,124.0,1,177000
5,1264,461,1960,1,9300,73.0,2,167500
7,1767,504,1987,2,5306,44.0,1,239000
6,813,270,1930,1,5684,70.0,0,110000
6,754,0,1935,1,6780,60.0,0,84500
6,1509,600,1988,2,10200,85.0,1,175000
6,1481,343,1994,2,8125,65.0,1,174000
4,960,576,1970,1,9873,60.0,0,129000
4,1040,420,1950,1,7200,60.0,0,109900
4,1040,420,1949,2,7200,60.0,0,90000
7,1802,216,1920,1,7588,54.0,1,200100
8,2610,550,2007,2,9000,75.0,1,303477
5,1466,528,1959,1,17755,134.0,2,149900
5,1652,416,1915,2,10800,60.0,0,139000
7,2097,678,1993,2,11228,59.0,1,228000
8,1625,538,2006,2,4750,44.0,1,235000
7,2287,667,1953,2,15593,81.0,1,225000
9,2822,1020,2008,3,13891,107.0,1,582933
6,2054,390,2000,2,12224,70.0,1,244000
5,1336,375,1953,1,15750,90.0,2,157000
4,894,400,1954,1,9450,68.0,0,110000
8,1719,473,1993,1,10846,32.0,2,324000
7,2127,525,1994,2,10944,81.0,2,271000
6,1251,461,1964,1,8800,80.0,2,160000
5,912,297,1958,1,7535,70.0,0,120000
3,968,0,1910,1,5925,50.0,0,37900
7,1829,613,2003,2,9548,44.0,1,237000
6,1574,566,1976,2,18800,70.0,1,190000
4,720,0,1920,1,7879,60.0,0,34900
9,1980,770,2004,2,16737,129.0,1,315000
7,1621,440,1984,2,14145,91.0,0,202500
6,1602,529,1977,2,16635,70.0,1,215000
6,1616,216,1926,2,5400,40.0,0,152000
5,1600,319,1957,1,16321,47.0,2,207500
6,2119,583,1972,2,10448,70.0,1,158000
7,1709,380,2004,2,2522,24.0,0,130000
7,2110,522,1968,2,11160,93.0,2,244000
3,774,0,1931,1,4270,70.0,0,79000
4,796,0,1922,1,3636,40.0,0,55000
8,1707,511,1981,2,16669,70.0,1,228000
8,2161,789,2007,1,10562,86.0,1,325624
7,1716,512,1996,2,8750,70.0,1,191000
6,1362,504,1961,1,10197,80.0,1,163000
6,1796,546,1998,2,9531,70.0,0,211000
8,1652,482,2008,2,5587,64.0,1,392500
7,1482,324,1920,1,9000,50.0,0,143000
5,1015,450,1925,1,6120,51.0,0,88000
6,1578,240,1941,1,9490,79.0,2,133000
5,1086,490,1954,1,10200,85.0,0,144900
6,1218,0,1971,1,1680,21.0,0,91500
5,860,528,1982,1,8740,74.0,0,137000
4,1140,0,1910,1,8800,55.0,0,96500
7,1502,270,1931,1,7200,60.0,1,149000
6,1165,490,1966,1,9020,82.0,0,174900
6,1960,440,2002,2,7851,70.0,2,216500
7,2031,541,1998,2,11404,75.0,1,222500
6,1392,299,1977,1,10900,70.0,0,161750
7,1541,532,2005,2,12182,95.0,1,220000
5,1327,624,1959,1,7388,75.0,0,150750
4,1324,240,1936,1,6000,50.0,0,128000
6,1552,434,1975,2,11475,85.0,1,179900
8,2810,750,1990,2,9572,70.0,1,302000
10,3608,840,1892,2,22950,90.0,2,475000
5,1328,308,1959,1,16905,115.0,2,170000
5,1517,0,1919,2,8500,85.0,0,115000
5,1057,246,1953,1,7922,68.0,0,109000
8,2132,612,1983,1,12327,79.0,1,316600
8,1629,808,2002,2,14536,85.0,1,270000
5,1188,531,1959,1,12160,70.0,0,142000
8,1464,754,2007,2,15256,49.0,0,282922
6,1216,402,1998,2,4500,32.0,0,164000
8,1634,866,2006,2,11428,98.0,1,250000
5,924,576,1949,1,8064,60.0,1,122900
5,1060,270,1968,1,8246,70.0,1,154000
6,1548,440,1976,2,2308,24.0,1,155000
2,438,246,1920,1,8400,60.0,0,60000
4,747,220,1945,1,4608,47.0,0,80000
5,892,288,1967,1,7150,65.0,0,100000
5,1190,540,1962,1,7728,70.0,0,132500
6,1394,514,1963,1,9500,70.0,2,159000
5,1960,400,1952,2,7596,60.0,0,124500
6,848,420,2003,1,4435,36.0,0,131500
7,1339,484,1990,2,8049,50.0,1,180000
6,784,360,1928,1,9000,60.0,0,76000
5,948,300,1968,1,8978,70.0,0,108000
5,1178,439,1973,1,10000,80.0,1,157000
7,1983,490,1999,2,10762,70.0,1,225000
5,1728,560,1976,2,9297,63.0,0,188000
5,764,504,1925,1,5232,30.0,0,73000
4,988,297,1973,1,1596,21.0,0,91000
6,1224,528,2009,2,3000,30.0,0,173733
6,987,288,1972,1,1680,21.0,1,94500
7,1908,493,1994,2,8750,70.0,1,210000
5,1144,596,1956,1,9571,68.0,0,129000
6,1032,564,1978,2,10395,70.0,1,148000
6,2060,521,1988,2,10029,97.0,1,211000
5,1114,576,2004,1,13695,66.0,0,159000
6,1724,480,1967,1,17871,70.0,1,197900
6,1218,264,1972,1,1680,21.0,0,118000
4,841,294,1950,1,8400,60.0,0,82000
8,1088,461,1986,1,3696,70.0,0,170000
5,864,336,1978,1,7000,70.0,0,136500
8,1826,758,2005,2,11302,69.0,1,319000
5,1111,288,1920,1,7200,60.0,0,101000
5,912,576,1965,1,8872,72.0,0,147000
8,2270,671,1999,2,11764,92.0,1,290000
5,923,264,1984,1,6951,37.0,0,119500
5,910,414,1953,1,8892,74.0,0,116000
3,1040,400,1950,2,8544,60.0,0,92900
4,1374,338,1920,1,5400,90.0,0,105000
9,2121,732,2006,2,14450,107.0,1,415298
7,1959,434,2004,2,11796,59.0,1,215000
5,1539,576,1936,1,6120,51.0,0,141500
5,1268,244,1954,1,7800,78.0,1,132000
4,960,308,1920,1,6000,50.0,0,108500
5,1097,672,1994,1,10859,112.0,0,145000
7,1768,320,1914,1,10800,60.0,2,163000
6,1668,271,1950,1,9600,80.0,0,140000
6,1392,576,1968,1,13560,120.0,2,110000
6,1412,280,1939,1,6000,50.0,1,132500
8,1630,860,2008,2,10226,61.0,1,295493
7,1241,569,2006,1,4274,35.0,0,199900
5,768,624,1970,1,7244,54.0,0,129500
6,1640,924,1954,1,14778,70.0,1,224000
8,1419,567,2007,2,8089,60.0,1,392000
5,1200,0,1987,3,10800,60.0,0,179000
7,1479,484,1972,1,7472,70.0,0,184000
6,1414,601,1958,1,11029,87.0,1,176500
5,1344,513,1916,1,4571,34.0,0,98000
5,2320,672,1948,2,14762,70.0,1,169000
4,788,0,1941,1,7446,70.0,2,100000
6,1441,440,1978,2,2289,24.0,1,148500
6,864,300,1959,1,9100,70.0,0,127500
4,864,528,1971,1,9000,60.0,0,120500
5,1776,888,1958,2,11475,85.0,0,110000
5,1056,304,1968,1,8450,65.0,1,142000
1,904,0,1922,0,10020,70.0,0,61000
7,1478,484,2009,2,4403,70.0,1,222000
3,1605,379,1915,2,5790,60.0,0,107400
7,1790,588,1999,2,9179,68.0,0,193000
5,1868,484,1976,2,10304,70.0,1,197500
6,1218,264,1973,1,1890,21.0,0,113000
10,2084,1220,2007,2,14803,114.0,1,385000
6,1456,440,1976,2,2280,24.0,1,148500
5,1256,276,1965,1,9937,75.0,0,147500
6,1509,393,2002,2,7861,70.0,1,183200
6,2320,180,1945,2,7259,61.0,1,259500
6,2624,864,1918,2,22420,86.0,1,239000
6,1375,544,1937,1,9000,50.0,1,141000
6,1095,264,1958,1,10382,75.0,0,140000
5,2200,0,1900,2,8777,67.0,0,145900
7,1494,530,2002,2,12803,88.0,1,221000
4,1346,384,1910,1,11767,70.0,0,112000
4,990,0,1994,1,8070,60.0,0,123600
5,833,326,1954,1,5400,90.0,0,117000
8,2482,642,2005,2,12665,88.0,1,281213
8,2098,878,2005,2,10240,80.0,1,275500
5,899,288,1967,1,7800,65.0,0,130000
9,2324,736,2005,3,11924,85.0,2,345000
5,894,600,1972,1,7200,60.0,0,123000
6,1575,529,1992,2,8012,50.0,0,179200
6,848,420,2004,1,4426,70.0,1,141000
7,1690,225,1916,1,8850,65.0,1,144000
5,1475,336,1977,2,2665,41.0,1,127000
6,1362,460,2005,2,7577,61.0,1,194700
8,1456,400,2003,2,3196,70.0,1,215000
7,2462,576,2005,2,19378,134.0,1,320000
6,1796,483,1963,1,7056,71.0,1,140000
5,1472,250,1925,1,9600,60.0,0,125000
7,1604,660,2006,2,8814,68.0,1,220000
6,1661,377,1955,1,9600,80.0,1,165500
4,630,286,1970,1,1477,21.0,0,80000
10,2020,900,2009,2,12220,94.0,1,402861
8,1665,528,2001,2,8400,70.0,0,227000
7,1836,484,2004,2,9100,70.0,1,216837
5,2372,432,1892,2,6600,60.0,0,107500
5,1301,440,1924,1,6911,60.0,0,100000
7,1240,826,2006,2,8556,74.0,0,194000
6,1244,336,1957,1,11988,90.0,2,150000
8,1795,534,2002,2,9742,75.0,1,230000
6,1167,400,1992,2,9248,70.0,0,173000
8,1578,840,2008,2,9262,78.0,1,287090
8,1908,431,2002,2,14191,85.0,0,202900
6,1198,0,1920,1,5586,60.0,0,79900
8,1976,908,2006,2,14977,110.0,1,440000
4,1328,210,1925,1,9906,57.0,0,107000
5,1268,252,1977,1,9286,70.0,0,143500
7,1250,625,2006,2,4017,35.0,0,171900
5,1664,0,1965,2,9825,75.0,0,100000
6,1416,776,1968,2,11700,90.0,1,179900
6,2291,506,1910,2,7200,60.0,1,133900
7,1710,550,2004,2,12118,43.0,1,240000
5,616,205,1921,1,6000,50.0,0,89000
5,1050,368,1961,1,10659,70.0,0,136500
6,1252,564,1960,1,13500,70.0,1,235000
5,990,480,1994,1,8072,60.0,0,138000
5,1078,240,1950,1,9717,68.0,0,142125
6,2087,444,1966,2,12205,70.0,0,187500
6,1429,572,1960,1,14585,70.0,2,181900
5,1812,672,1900,2,7630,76.0,1,140000
6,1138,264,1958,1,10482,65.0,0,145000
5,1484,487,1971,2,12243,70.0,1,175000
7,1557,420,2003,2,3196,70.0,1,234000
4,1196,440,1916,1,4800,40.0,0,109900
5,864,624,1958,1,9100,70.0,0,129900
5,1056,260,1954,1,9250,80.0,0,139400
8,2526,844,1994,2,10120,92.0,1,290000
7,1145,397,2005,2,3182,43.0,1,160200
5,1092,288,1962,1,11616,70.0,1,139000
5,1432,360,1910,2,9600,60.0,0,132000
6,1392,458,1957,1,11900,80.0,2,166000
6,1456,390,2005,2,8461,65.0,1,163990
5,1053,312,1959,1,10007,72.0,0,145500
6,3395,0,1914,2,10896,60.0,0,200000
5,1287,576,1959,1,9830,70.0,1,162000
5,778,924,1940,1,6900,71.0,1,120500
6,1092,264,1971,1,1680,21.0,0,88000
4,747,528,1926,1,5825,52.0,0,79900
7,1733,433,2003,2,12394,70.0,1,225000
8,1646,870,2006,2,10656,67.0,1,248900
7,2149,670,2003,1,12822,48.0,1,239686
8,1742,424,1882,1,17671,121.0,1,168000
5,912,275,1958,1,10150,70.0,0,114500
8,2198,836,2000,2,14260,84.0,1,250000
5,1680,528,1976,2,11500,70.0,0,136905
8,3447,1014,1935,3,14100,70.0,2,381000
5,1316,484,1929,1,5500,50.0,0,130000
5,2601,621,1921,3,9842,51.0,0,189000
5,1365,440,1970,1,2368,24.0,0,125000
7,1258,648,2006,2,3922,53.0,1,172500
8,1574,824,2006,2,11957,75.0,1,232000
5,1096,299,1969,1,15870,70.0,0,138800
6,987,264,1973,1,1680,21.0,0,100000
7,1708,380,2004,2,3363,32.0,0,130000
7,3493,870,1880,3,18386,87.0,1,295000
5,1344,240,1936,1,6240,70.0,0,115000
5,1109,288,1971,1,10500,70.0,0,139000
6,1470,388,1997,2,13869,70.0,0,177000
5,952,840,1951,1,7350,60.0,0,139000
6,1680,540,1988,2,21695,70.0,1,222000
6,1516,472,1964,1,10004,100.0,0,167000
8,1734,928,2007,2,12085,93.0,1,318000
8,1502,528,1985,1,6820,70.0,0,212000
7,1626,474,2003,2,2268,36.0,0,173000
6,1469,216,1906,1,10320,60.0,0,135000
7,1550,438,2006,2,8125,65.0,0,241000
7,1368,474,2005,2,6792,40.0,1,202665
9,2596,840,2006,3,16259,111.0,0,342643
5,1339,294,1958,1,7560,70.0,0,139000
7,1839,486,1998,2,16770,58.0,0,221000
8,2452,691,2004,3,13418,108.0,1,309000
7,1509,393,2003,2,7875,63.0,1,180000
7,1434,527,2001,2,8529,65.0,1,189000
6,1294,496,1991,2,7153,70.0,0,179200
6,1680,308,1915,2,15576,63.0,0,177000
6,1721,471,1994,2,8462,70.0,0,201000
4,864,576,1972,1,12735,70.0,0,111250
7,1501,440,1999,2,2280,24.0,0,179400
5,2337,560,1900,2,13600,85.0,0,90000
7,1872,604,1988,2,10400,80.0,1,241500
6,1484,0,1914,2,6300,35.0,1,128000
4,630,286,1970,1,1526,21.0,0,86000
6,1200,312,1923,1,11340,84.0,0,125000
6,2872,619,1977,2,12227,70.0,1,272000
6,1445,645,1964,1,12095,70.0,1,158000
6,1116,440,1962,1,10000,87.0,0,160000
7,2090,577,1984,2,5062,70.0,1,207500
5,943,600,1979,1,7032,70.0,2,135960
6,1608,216,1925,2,6171,51.0,1,137450
4,1296,516,1967,2,10791,72.0,0,90000
5,840,0,1930,1,4388,55.0,1,87000
7,1978,486,1968,2,9900,70.0,1,176000
7,999,588,1961,1,12122,70.0,0,178400
6,958,440,1976,2,4928,70.0,0,143750
8,2727,440,1932,2,10570,70.0,2,315000
5,1167,495,1920,1,8731,98.0,1,144000
6,1851,440,1964,2,9760,80.0,1,187000
6,1252,528,1959,1,10721,80.0,0,142000
4,912,0,1947,1,6240,52.0,0,80500
5,1040,576,1996,1,12464,82.0,0,152000
6,1525,440,2000,2,2117,70.0,1,177000
8,2452,683,1998,2,16226,66.0,1,267000
8,3228,546,1992,3,12692,70.0,1,430000
7,1166,400,2005,2,9587,59.0,0,190000
6,1846,315,1949,2,10496,78.0,1,143000
5,1074,495,1975,1,10140,78.0,0,153500
7,2344,889,1996,2,10208,79.0,1,265000
5,893,576,1949,1,9600,60.0,0,135000
6,1493,508,1997,2,13125,75.0,1,208900
8,1968,680,2009,2,12003,92.0,1,269500
6,1004,480,1970,1,11241,70.0,1,149000
5,1456,280,1948,1,7585,50.0,1,91500
6,1635,440,1923,1,8737,70.0,1,210000
6,1458,330,1948,1,17503,78.0,1,97500
6,1224,402,1999,2,4500,70.0,0,165000
7,1506,440,2005,2,3013,43.0,1,213490
5,2136,528,1951,2,10680,89.0,0,137900
7,1416,484,1999,2,2572,24.0,0,155000
10,2633,804,2001,2,11400,70.0,2,466500
8,1468,898,2008,2,9612,74.0,1,244600
5,773,240,1953,1,7677,57.0,0,110000
5,1302,280,1971,2,1680,21.0,0,112000
5,900,576,1951,1,7200,60.0,0,134800
6,904,180,1926,1,6000,50.0,0,119000
6,1844,540,1969,2,16381,70.0,1,223000
7,1555,430,2005,2,3182,43.0,1,192500
5,1297,498,1954,1,8532,74.0,1,153000
4,1529,240,1945,2,8405,50.0,0,98000
3,1733,452,1955,2,13680,70.0,1,139600
6,1710,506,1993,2,9291,76.0,0,187000
6,1868,477,1984,3,12090,78.0,1,178000
5,1126,484,1977,2,17400,80.0,1,160000
7,1102,480,2004,2,5105,70.0,0,148800
6,1913,342,1928,1,7558,57.0,1,177000
8,1567,648,2006,2,3982,53.0,1,264561
5,1050,338,1956,1,9600,80.0,0,128900
8,1580,830,2007,2,11932,92.0,0,235128
8,1314,552,2009,2,8640,72.0,0,229456
6,2792,520,1920,2,10440,60.0,2,256000
6,1688,603,1997,2,12798,79.0,0,200000
6,1232,516,1984,2,11120,70.0,0,162500
6,1229,462,1980,1,1300,24.0,1,124000
3,1699,420,1900,2,10615,107.0,0,95000
4,936,576,1953,1,6000,60.0,0,93000
7,1948,434,2004,2,12393,41.0,1,195000
9,2224,738,2004,2,8834,74.0,1,350000
5,2002,871,1949,2,6270,82.0,0,145000
6,1993,495,1971,2,14803,70.0,1,190000
7,1861,492,2002,2,13450,95.0,0,200000
5,1041,270,1959,1,9600,80.0,0,124500
6,986,180,1926,1,6180,60.0,1,102000
7,1405,478,2003,2,3136,70.0,1,171750
7,1226,740,2009,2,10402,94.0,0,198900
6,838,275,1918,1,10267,55.0,0,130000
3,864,200,1914,1,8212,45.0,0,58500
5,1006,0,1959,1,9000,70.0,0,80000
8,1710,866,2007,2,13891,107.0,1,372402
8,2263,420,1998,2,12090,93.0,1,258000
4,2290,560,1885,2,11340,60.0,0,122500
4,1100,312,1960,1,12493,70.0,1,141000
6,2117,550,1970,2,12925,70.0,2,237500
4,960,288,1956,1,8926,70.0,0,112000
7,1774,468,1931,2,6120,51.0,2,129900
6,1082,240,1948,1,11664,60.0,1,119200
5,1122,528,1948,1,12000,100.0,0,147000
8,1338,582,2001,2,4920,41.0,0,213500
6,1756,422,1996,2,9303,70.0,0,204000
6,1302,309,1964,2,9350,85.0,0,158000
4,951,327,1936,1,8765,50.0,0,106500
6,987,264,1973,1,1953,21.0,0,83000
5,1090,450,2005,1,7024,60.0,0,157000
5,1604,660,1941,2,10998,60.0,0,117000
6,1512,440,2000,2,2117,70.0,1,168500
6,1577,312,1939,1,6435,65.0,1,140200
7,2167,518,1974,2,17542,70.0,2,294000
6,1212,492,1977,1,8471,88.0,1,151000
5,969,440,1975,1,10356,120.0,0,122000
6,1072,525,2005,1,3675,35.0,0,148000
8,1518,588,2003,1,12677,62.0,1,274000
7,1958,936,2005,2,10625,85.0,1,250000
6,1069,440,1977,2,4043,53.0,0,140000
8,1788,522,2001,2,11838,70.0,1,236500
5,2414,520,1900,2,10800,60.0,1,160000
3,720,287,1949,1,6627,70.0,0,72500
6,1261,433,1958,1,9120,76.0,1,163000
5,875,180,1931,1,6120,51.0,0,105000
5,672,240,1940,1,10200,60.0,0,108000
6,980,0,1975,2,9400,35.0,0,127500
3,1214,936,1915,1,10410,60.0,0,105000
5,1486,480,1964,1,9937,75.0,0,167000
6,1660,240,1934,1,11988,74.0,1,188700
7,1217,497,1990,2,9947,70.0,0,173000
7,1564,234,1941,1,12000,75.0,1,174500
7,1490,388,2004,2,15384,60.0,1,184000
8,3194,380,1934,2,12168,78.0,2,359100
7,1501,577,1999,2,10335,78.0,0,204000
7,1320,400,2003,2,7750,70.0,0,162000
8,2612,676,1998,2,12203,98.0,1,336000
4,2230,440,1912,1,6204,60.0,0,118500
7,2022,505,1977,2,10005,83.0,1,192000
7,2263,539,1977,2,16659,70.0,1,235000
7,1632,462,1998,2,9084,63.0,1,176500
8,1288,500,1996,1,14963,38.0,2,245500
6,1080,288,1958,1,9464,75.0,0,136000
6,1700,544,2003,2,9135,70.0,0,200000
6,1310,398,1924,2,7000,50.0,0,112000
4,1067,436,1950,2,9600,60.0,0,128000
6,1928,440,1910,2,9142,69.0,0,137000
7,2784,564,1978,3,16692,80.0,2,250000
7,2097,583,1998,2,9750,75.0,1,274300
6,816,432,1930,1,5890,70.0,0,120500
8,1659,499,2000,2,5664,40.0,1,278000
5,1779,454,1955,1,17920,102.0,1,170000
7,1248,438,2005,2,3010,43.0,0,167240
7,1929,650,2001,2,7050,70.0,1,226000
6,1262,460,1976,2,9600,80.0,1,181500
7,2696,792,2007,2,9965,77.0,1,383970
5,894,336,1965,1,8450,65.0,1,138500
6,1912,672,1905,2,10800,60.0,1,163000
5,965,300,1965,1,7800,60.0,0,119900
6,1824,0,1971,2,9400,94.0,0,139000
8,1787,748,2001,2,14781,70.0,1,275000
4,1440,0,1955,2,12108,92.0,0,118000
6,1252,288,1950,1,9600,80.0,0,119000
8,1987,691,1994,2,14303,91.0,1,301500
4,1181,588,1972,2,10012,90.0,0,137500
6,1792,451,2000,2,10261,93.0,1,186500
5,864,0,1922,1,4060,56.0,0,99900
5,1128,525,1963,2,8700,80.0,0,155000
8,1959,1025,2006,2,9000,75.0,1,270000
6,1839,442,1966,1,7700,70.0,1,155000
5,904,408,1966,1,7162,70.0,0,109900
5,1040,484,1977,2,8800,61.0,0,150500
6,918,264,1979,2,7892,55.0,1,99500
6,1520,364,1955,1,9600,80.0,2,153000
7,1411,544,1977,2,11900,85.0,1,82500
6,2058,396,1917,1,9600,60.0,1,129500
6,2201,432,1966,2,19690,70.0,1,274970
7,1656,397,2003,2,6931,60.0,1,165400
7,1494,514,1998,2,16196,70.0,1,215000
6,1564,476,1980,2,8400,70.0,1,171000
6,981,576,1971,1,10530,70.0,0,143250
6,1502,180,1923,1,10592,55.0,2,165000
5,1092,299,1957,1,14850,69.0,1,141000
5,1520,281,1932,1,4500,55.0,0,159434
5,1320,564,1966,1,11777,96.0,2,164500
8,1836,862,2004,2,11362,107.0,1,280000
7,1889,308,1910,1,10120,60.0,1,122000
5,1130,720,1920,1,10800,60.0,1,120000
7,2398,834,1996,2,11787,95.0,1,315750
6,1991,432,1932,1,11275,70.0,1,220000
9,1838,765,2006,2,14601,85.0,1,315000
6,1352,299,1969,1,9364,80.0,0,158000
7,1720,527,1996,2,10593,59.0,1,260400
6,1716,490,1962,1,9247,70.0,1,171000
5,999,264,1962,1,7758,70.0,0,132500
6,1470,420,1993,2,9765,70.0,1,185000
4,1132,451,2005,1,7024,60.0,0,176000
6,1674,396,1918,2,21780,66.0,1,185000
6,1337,511,1998,2,4060,34.0,0,181000
7,1349,539,2000,2,8450,65.0,0,179000
5,1148,672,1959,1,7931,70.0,0,132500
6,1683,440,1978,2,11184,70.0,1,172500
4,1344,0,1970,1,1533,21.0,1,97000
5,1696,349,1962,1,13673,40.0,1,143900
5,882,294,1959,1,8339,70.0,0,106500
7,1895,409,1994,2,10832,70.0,1,194500
5,894,308,1962,1,6600,60.0,0,109500
5,1812,264,1962,2,7590,69.0,1,169500
7,1714,496,1988,2,10421,80.0,1,196500
6,1114,576,2003,1,13695,66.0,0,155000
7,1689,954,2007,2,9849,83.0,0,248328
5,1376,240,1941,1,9492,79.0,1,105000
8,2704,538,1972,2,13860,75.0,3,345000
8,1872,531,2001,2,11885,70.0,1,261500
5,858,0,1958,1,7207,50.0,0,116500
4,864,660,1970,1,6960,60.0,0,120500
9,1668,702,2002,2,11248,90.0,1,285000
5,835,366,1920,1,10625,85.0,0,83000
5,1128,286,1954,1,9000,75.0,0,118000
6,1639,240,1936,1,10480,51.0,0,115000
5,1214,461,1965,1,9170,70.0,0,140000
6,1556,441,1968,1,11700,78.0,0,154000
7,1364,484,2005,2,7052,43.0,1,185850
7,2236,642,1997,2,13006,70.0,1,222000
6,1004,504,1977,1,10530,78.0,0,135000
4,1121,440,2003,2,8546,80.0,0,140000
5,1721,440,1968,2,10335,78.0,1,180000
7,1316,440,2007,2,11175,103.0,1,200141
6,1324,440,1965,2,8658,84.0,1,160000
8,1360,565,1984,1,5814,70.0,1,187500
6,1194,312,1959,1,8760,73.0,0,148000
9,1856,834,2010,1,11394,88.0,1,394432
5,900,280,1967,1,9819,70.0,0,122000
5,1134,240,1940,1,8160,60.0,0,126000
6,1961,560,2001,2,12209,71.0,1,215000
5,816,816,1982,1,6600,60.0,0,138000
5,894,450,1968,1,8724,109.0,1,129000
4,1092,286,1973,1,1974,70.0,0,83500
6,1094,495,1953,1,10452,85.0,2,155000
6,1811,470,1956,1,14115,90.0,1,230000
4,1294,0,1900,2,10800,60.0,0,106250
7,2034,645,1997,2,9375,70.0,0,219500
6,1253,352,1960,1,10920,70.0,1,157000
7,2514,693,1990,2,11170,70.0,0,250000
5,1154,480,1966,1,11000,70.0,1,154000
6,1456,429,2006,2,15578,105.0,0,172785
6,1800,463,2000,2,8123,60.0,1,179000
5,1656,180,1916,2,10410,60.0,0,135000
8,2365,856,1999,2,9430,82.0,1,337000
7,1436,484,2004,2,8450,65.0,0,210000
6,1062,539,1976,1,11333,70.0,2,146800
5,1466,566,1936,2,10800,60.0,1,170000
5,1155,576,1961,1,11782,88.0,0,148000
7,1536,532,2002,2,9135,70.0,0,214000
5,971,300,1969,1,9920,69.0,1,128500
6,1003,588,1984,1,7937,37.0,0,142500
7,1504,478,1996,2,11883,73.0,1,203000
5,1920,400,1948,2,11345,95.0,0,137000
7,1242,528,1973,1,9600,80.0,1,175500
7,2340,252,1941,2,9042,66.0,2,266500
7,1661,598,1998,2,12137,48.0,0,224900
6,1113,504,1976,1,7917,70.0,1,148000
4,1230,305,1946,1,4712,51.0,0,121600
6,1279,473,1977,2,10125,75.0,2,171500
9,2668,726,2003,2,13688,110.0,2,412500
4,1208,539,1925,1,6240,52.0,0,103000
7,1310,400,2005,2,8767,65.0,1,164990
8,2576,666,2006,2,12438,82.0,1,361919
5,936,672,1980,1,7200,60.0,0,140000
6,1647,216,1915,1,6858,66.0,0,128000
7,1220,632,2006,2,7406,64.0,0,194000
5,882,461,1972,1,7700,70.0,0,112500
5,1302,440,1970,2,2016,24.0,0,106000
7,1442,500,1990,2,11851,99.0,0,180500
9,1561,556,2005,2,7313,60.0,1,277500
6,1204,412,1998,2,4500,32.0,0,162000
7,1378,360,1928,2,9600,60.0,1,161000
6,848,420,2004,1,4426,70.0,1,149300
7,1525,541,2000,2,9100,70.0,0,235000
5,1235,480,1961,1,8500,85.0,0,98600
6,1412,432,2006,2,8499,73.0,1,156932
5,2240,528,1979,2,7018,64.0,0,142953
7,2295,590,1992,2,13346,70.0,1,268000
8,1668,502,2003,2,10635,48.0,1,232000
7,1614,865,2005,2,11210,86.0,0,221500
5,866,0,1945,1,3880,40.0,0,110500
7,1494,840,2006,2,10652,91.0,1,279500
7,1432,432,2004,2,7795,71.0,1,188500
8,1904,736,2005,2,10927,74.0,1,275000
6,1125,352,1976,1,7200,72.0,1,125000
6,1072,525,2005,2,3675,35.0,0,140000
5,1867,303,1955,1,10708,70.0,3,190000
6,1482,400,1925,2,12155,70.0,0,140000
8,2376,853,2005,3,14215,101.0,1,325300
5,1048,420,1950,1,7200,60.0,0,98300
7,1820,492,1965,1,13700,70.0,2,201800
7,1200,480,2005,2,3180,30.0,0,151000
9,2018,746,2008,2,13214,89.0,1,378500
5,996,0,1940,1,13907,63.0,1,108000
6,848,420,2003,1,4435,37.0,0,136500
7,1761,578,2007,3,10207,84.0,0,227875
5,1057,576,1962,1,7420,70.0,0,132000
8,1593,682,2001,1,4923,41.0,1,286000
7,1382,490,2000,2,2651,70.0,0,165000
7,1391,530,2004,2,4282,59.0,0,196000
5,1363,288,1951,1,14559,75.0,2,164900
7,1459,527,2002,2,8749,70.0,1,192000
8,1652,499,2000,2,5330,41.0,0,251000
6,1026,576,1978,1,10970,70.0,0,147000
7,2640,864,1880,1,11700,65.0,1,265979
6,1640,520,2004,2,8366,65.0,0,173000
7,1108,280,1930,1,7449,57.0,1,139400
5,1203,352,1950,1,7015,70.0,1,110000
7,1560,573,2003,2,9196,129.0,0,201000
6,1958,492,1946,2,7136,82.0,0,145000
5,894,384,1966,1,7094,99.0,0,125000
8,1269,430,2004,2,3182,43.0,1,192000
7,1428,554,2008,2,12274,91.0,0,227680
8,1932,774,2008,2,12444,96.0,1,394617
9,1684,564,2005,2,8849,63.0,1,266000
4,816,288,1938,1,8877,67.0,1,100000
7,2157,487,1966,2,14200,88.0,2,226000
6,1682,523,1998,2,8750,70.0,0,200500
5,698,0,1947,1,9405,50.0,0,118000
6,1224,528,2009,2,3951,40.0,0,164500
5,1728,352,1964,2,10624,70.0,0,119000
6,1141,484,2005,1,13072,63.0,0,142500
7,1277,526,1970,1,10628,85.0,1,167000
4,1123,264,1939,1,6060,50.0,0,100000
8,2524,542,1981,2,9600,80.0,1,278000
6,1314,440,2006,2,9317,78.0,1,176432
4,1981,576,1928,2,7804,65.0,2,135000
5,864,572,1955,1,8172,60.0,0,115000
7,1426,216,1918,1,7642,55.0,1,189950
7,1555,660,2007,2,3684,53.0,1,174000
